,p1,p2,p3,p4,p5,p6,p7,trend,aic,mse
,0,1,0,0,0,0,12,ct,-1466.8308915481389,0.019323080692945464
